序号	中文姓名	英文姓名	性别	出生年月	职位	个人邮箱	自我介绍100字以内	个人主页地址
51	陈玮琪	WeiqiChen	女	199807	本科生	cwq0707@buaa.edu.cn	本科毕业于北京航空航天大学材料科学与工程专业，导师孙志梅教授，毕业设计主题为：机器学习构建相变存储材料Sb势函数。即将直博就读于清华大学机械工程专业，研究方向：第一性原理计算，分子动力学模拟，机器学习神经网络研究等	
52	袁家润	JiarunYuan	男	19980722	本科生	yuanjiarun@buaa.edu.cn	毕设研究方向：利用高通量材料模拟计算平台ALKEMIE进行高强高导铜合金的第一性原理研究	
53	郭一坤	YikunGuo	男	19981210	本科生	1244494335@qq.com	本人毕业于北京航空航天大学材料科学与工程学院，毕设题目为：《机器学习构建相变存储材料Te势函数》，目前暂无研究方向。	
55	朱珩尧	HengyaoZhu	男	199901	本科生	17375319@buaa.edu.cn	我叫朱珩尧，是北京航空航天大学材料学院大四本科生，本科主修材料物理专业，感兴趣研究方向为半导体和二维材料。	
2	王冠杰	GuanjieWang	男	199410	博士生	gjwang@buaa.edu.cn	研究方向：机器学习神经网络势函数，大规模分子动力学模拟，非晶材料，相变存储材料，第一性原理计算等。ALKEMIE-Matter Studio高通量自动流程计算软件及ALKEMIE课题组官方网站开发负责人。	https://alkemine.cn/gjwang/index.html
3	彭琼	QiongPeng	女	199104	博士生	qpeng@buaa.edu.cn	"研究方向：表面和界面工程对纳米材料的结构、力学、光学、电化学性质的调控，及其在柔性可穿戴电子器件、锂电池能源存储设备、光电催化水分解产氢、燃料电池电催化中的应用探索。发表文章：2016年-2019年，以第一作者或共同一作身份已在中科院大类分区二区以上期刊（ACS Appl. Mater. Interfaces、Nano Res.、JPCC等）发表了8篇学术论文。"	
12	胡述伟	HuShuweiWilly	男	199308	博士生	swhu_mse@buaa.edu.cn	胡述伟师从孙志梅教授，主要从事Sb?Te?相变存储材料结构和性能第一性原理计算工作，并在新型相变存储材料的高通量预测筛选领域进行研究探索。	https://www.researchgate.net/profile/Shuwei_Hu3
13	彭力宇	LiyuPeng	男	199602	博士生	lypeng@buaa.edu.cn	目前主要研究方向为热电材料和相变材料，Alkemi-Matter Studio核心开发人员，负责建模和可视化等模块的编写。	
15	张震	ZhenZhang	男	199408	博士生	BY1901053@buaa.edu.cn	2019年进入北航攻读博士学位，现于材料学院孙志梅教授课题组研究学习，研究方向为相变存储材料及相关材料计算。	
16	张毕堃	BikunZhang	男	199504	博士生	by1701125@buaa.edu.cn	本人本科毕业于中南大学材料学院，自2017年起以直博生身份在北航ALKEMIE课题组从事第一性原理计算研究，目前专注于材料的催化性能研究。	
17	于亚东	YadongYu	女	199004	博士生	ydyu16@buaa.edu.cn	于亚东，17级博士生，导师：孙志梅教授，研究兴趣主要集中在二维过渡金属化合物材料在能源存储和转化中应用的第一性原理研究。	
23	黄永达	YongdaHuang	男	199309	博士生	ydhuang@buaa.edu.cn	"本科毕业于南京航空航天大学。硕士，博士均就读于北京航空航天大学。目前主要研究内容为声子输运的第一性原理计算。"	
29	李强	QiangLi	男	199103	博士生	1269261962@qq.com	博士二年级在读，主要从事新能源材料方面的研究。	
33	刘宾	BinLiu	男	198906	博士生	binliu@buaa.edu.cn	主要从事超高速，低能耗碲化物相变存储材料及器件性能方面的研究	
35	邱实	ShiQiu	男	199009	博士生	shiqiu_qs@buaa.edu.cn	邱实，2016级博士生，目前主要从事高熵合金力学性质的研究，研究手段涉及第一性原理和分子动力学。	
36	甘宇	YuGan	男	199509	博士生	yugan@buaa.edu.cn	博士研究生，研究领域主要是是相变材料。	
40	李圳	ZhenLi	男	199305	博士生	zli@buaa.edu.cn	主要从事相变存储材料和热电材料的第一原理计算和AIMD模拟。	
43	杨辉	HuiYang	男	198911	博士生	yanghui_icme@buaa.edu.cn	本科毕业于北京科技大学，硕博就读于北京航空航天大学。主要从事金属体系里缺陷对机械性能的研究，如位错分解，界面剪切等，利用分子动力学模拟方法进行大尺度运算。	序号43_12_1_简历白底.jpg
57	邢书成	ShuchengXing	男	199606	博士生	xscaa@buaa.edu.cn	目前研究内容与兴趣为MXnenes/MBenes的输运以及柔性器件研究。希望努力科研，认真生活	
70	郑雅卓	YazhuoZheng	女	199412	博士生	yazhuo_zheng@buaa.edu.cn	主要从事二维材料电子性质及光学性质的第一性原理计算	
0	孙志梅	ZhimeiSun	女		老师	zmsun@buaa.edu.cn	孙志梅（教授），博士生导师，2002年3月于中国科学院金属研究所获得博士学位，2002-2007年在德国亚琛工业大学和瑞典Uppsala大学从事研究工作，2007-2013年在厦门大学任职教授、博士生导师，2013.8-至今在北京航空航天大学任职教授、博士生导师。入选教育部新世纪优秀人才（2008）、教育部“长江学者奖励计划”特聘教授（2012）、国家百千万人才工程（2015）、国家“万人计划”领军人才（2016）、福建省高校领军人才（2013）；获得国家杰出青年科学基金和福建省杰出青年科学基金；主持国家重点研发计划“材料基因工程关键技术与支撑平台”重点专项等多项国家和省部级项目。孙志梅教授长期从事材料电子结构计算和分子动力学模拟研究及相关实验，在半导体材料和高温结构材料等体系的研究中取得了显著成绩，在PRL、PNAS、JACS、Nano Letters、PRB、APL、Acta Mater等期刊上发表SCI论文190余篇；论文被Nature作为Research Highlights评论和介绍，被Nature Materials在News & Views栏目介绍、被Science、Nature、Mater.、JACS、PRL、PNAS等期刊引用5000余次；授权7项国家发明专利。	
1	周健	JianZhou	男		老师	jzhou@buaa.edu.cn	研究员，博士生导师。2003年在中国科学院金属研究所获得博士学位。之后，在德国亚琛工业大学和瑞典皇家工学院从事博士后研究。2007年6月至2013年7月在厦门大学任副教授，2013年8月起在北京航空航天大学材料科学与工程学院任副教授。主要从事金属间化合物、高温合金、热电材料和计算材料学的研究工作。已在Nano Energy、Journal of Material Chemistry A、ACS Appl.Mater.Interface 等SCI 期刊上发表论文100余篇。主持在研国家自然科学基金面上项目2项，国家重点研发计划项目课题任务1项，主持完成973项目课题任务1项，授权国家发明专利4项。	
4	缪奶华	NaihuaMIAO	男	198612	老师	nhmiao@buaa.edu.cn	博士。副教授。Phys.Rev.Lett.等国际著名期刊审稿人。曾获厦门大学学士和硕士、比利时列日大学博士学位。入选北航“卓越百人”和“青年拔尖人才”计划。主要从事计算材料物理、材料大数据及机器学习等方面研究，相关成果发表在JACS/JPCL/APL/ACS Nano等国际著名期刊上。	
45	祝令刚	LinggangZhu	男	198705	老师	lgzhu7@buaa.edu.cn	山东郓城人，中共党员。博士毕业于中国科学院金属研究所。2010-2012年获欧盟Mary Curie Fellowship资助在英国爱丁堡大学从事研究工作。2014年3月入职北航材料学院。2017年在北京航空航天大学第十六届“我爱我师”评选中，被评为优秀青年教师。研究方向为计算材料学，涉及的计算方法包括第一原理计算、第一原理分子动力学、动态蒙特卡洛等方法。研究内容包括：（1）金属及氧化物中的缺陷结构和原子扩散行为；（2）利用遗传算法预测新材料和新结构；（3）计算机科学中的数据库、机器学习等技术与材料科学的交叉问题。目前发表SCI论文30余篇；主持国家自然科学基金项目，作为研究骨干参与多项国家重点研发计划。	
5	王冰	BingWang	男	199707	硕士1年级	wangb0701@buaa.edu.cn	本人本科毕业于北京航空航天大学，目前在ALKEMIE课题组从事GST相变存储材料相关研究。	
6	王雷	LeiWang	男	199605	硕士1年级	15601233733@163.com	2019级研究生，我自己知道这里不是我的终点而是我的起点，需要学习与努力的地方还很多，希望与实验室共同成长，共同进步。	
18	孙雨奇	YuqiSun	男	199703	硕士1年级	1041847987@qq.com	孙雨奇，北京航空航天大学材料科学与工程学院ALKEMIE课题组研一学生，于2019年9月份入学。本科山东大学材料科学与工程学院材料物理专业基地班，本科毕业设计进行了Cr-C金属间化合物的力学性质的计算。	
21	熊一庭	YitingXiong	男	199802	硕士1年级	xiongyt@buaa.edu.cn	熊一庭，男，硕士一年级。在日后的学术生涯中，我会毫不懈怠，积极锻炼自己的能力，学有所成！	
26	宁兴洋	XingyangNing	男	199701	硕士1年级	1254398922@qq.com	本科毕业于东北大学冶金工程专业，2019.09成为北航材料学院硕士研究生。本科期间发表一篇学术论文《不锈钢渣矿化固定CO2的实验研究》。	
27	王二鹏	ErpengWang	男	199703	硕士1年级	erpengwang@buaa.edu.cn	王二鹏，中共党员，材料学院研一学生。本科就读于广西大学资源环境与材料学院。	
38	周润晖	RunhuiZhou	男	199710	硕士1年级	zhourunhui1024@163.com	我是一个乐观开朗的学生。有幸加入孙老师的课题组，跟随祝老师学习。对待学业我的态度比较端正认真，课余时间也会培养自己的个人爱好，努力做到全面发展。	
60	韩思愉	SiyuHan	男	199704	硕士1年级	syhan@buaa.edu.cn	学生	
61	张天旭	TianxuZhang	男	199810	硕士1年级	zhangtianxu@buaa.edu.cn	张天旭，甘肃兰州人，本科毕业于中南大学粉末冶金研究院。现就读于北京航空航天大学材料科学与工程学院，研究生导师为祝令刚，所属孙志梅教授课题组。	
62	蓝鹏华	PenghuaLan	男	199505	硕士1年级	penghualan@buaa.edu.cn	本科毕业于西安电子科技大学材料科学与工程专业	
63	王佳琦	JiaqiWang	男	199903	硕士1年级	wjq15011072@buaa.edu.cn	在读硕士一年级学生，导师为缪奶华老师，研究方向为磁性。	
64	刘晗煜	HanyuLiu	男	19980121	硕士1年级	hyliu2016@buaa.edu.cn	2016-2020 北京航空航天大学学士学位 2020-至今 北京航空航天大学硕士研究生	
65	李泽峰	zefengli	男	199905	硕士1年级	lzf0513@buaa.edu.cn	研一新生，师从孙志梅教授，本科毕业于中国石油大学北京。	
66	郭妙琪	MiaoqiGuo	女	199802	硕士1年级	ZY2001126@buaa.edu.cn	郭妙琪，2020级研究生，学无止境，希望在以后研究学习中不断进步	
67	赵曈	TongZhao	女	199808	硕士1年级	ZHAOTONG_@buaa.edu.cn	本科毕业于山东大学材料科学与工程学院，2020级硕士研究生。	
68	高雅	YaGao	女	199807	硕士1年级	ygao7@buaa.edu.cn	本科来自合肥工业大学材料科学与工程学院。有幸加入ALKEMIE课题组，这是一个新的开始。人生是一座富矿，有待自身去开采。期待与大家共同成长进步。	
71	杨禛	ZhenYang	男	199710	硕士1年级	yangzhen2001410@buaa.edu.cn	杨禛，中共党员，本科毕业于东北大学，现为北京航空航天大学ALKEMIE课题组研究生专硕在读，导师为周健老师。	
73	张烜广	XuanguangZhang	男	199806	硕士1年级	zy2001431@buaa.edu.cn	张烜广，本科毕业于东北大学	
7	孟喆	AnitaMung	女	199605	硕士2年级	mszzjizimin@163.com	本科就读于山东大学材料科学与工程学院无机非金属专业，从事过氧化锆陶瓷牙的相关课题研究。现于北京航空航天大学ALKEMIE课题组从事MXene催化方向的研究。	
22	李开旗	KaiqiLi	男	199512	硕士2年级	baristali@buaa.edu.cn	硕士研究生，目前主要研究方向是相变存储材料，Alkemi-Matter Studio核心开发人员，个人志向是成为一名科研工作者。	
28	陈启凡	QifanChen	男	199408	硕士2年级	qifanchen@buaa.edu.cn	中共党员，师从祝令刚老师，现主要研究方向为阻变式记忆存储器，通过对阻变层的空位掺杂改性，来研究器件的热力学、动力学等性质；同时研究二维材料的原子掺杂引起的MIT转变机理。	
30	李薇	WeiLi	女	199604	硕士2年级	mseliw@buaa.edu.cn	2014-2018年在北京航空航天大学材料科学与工程学院，获本科学士学位。2018年09月，保送至本课题组攻读硕士学位。	
34	陈佳天	JiatianChen	女	199409	硕士2年级	13920320583@163.com	目前是研究生二年级，在计算化学领域属于初学者，希望今后能与大家一起进步！	
41	张斌晨	BinchenZhang	男	199511	硕士2年级	zhangbinchen@buaa.edu.cn	研究方向：二维材料，第一性原理计算等。	
9	李杰	JieLi	男	199308	硕士3年级	sy1701129@buaa.edu.cn	主要研究二维材料的性质及其应用。业余爱好广泛，唱跳rap篮球都不会，喜欢跑步。	
11	吴浩	HaoWu	男	199410	硕士3年级	wuhao7@buaa.edu.cn	个人爱好：爬山、跑步、健身、游泳	
19	崔京京	cjj	女	199510	硕士3年级	jjcui@buaa.edu.cn	2017年本科毕业于山东大学无机非金属材料工程专业，2017年9月至今于北京航空航天大学材料科学与工程学院就读硕士。研究方向为计算材料学，基于第一性原理计算的方法探究半导体MXenes材料应变可调的电子结构，光学以及磁学性质，为其在光电子器件中的应用提供科学依据。已在Nanotechnology期刊上发表SCI论文。	
37	焦静云	JingyunJiao	女	199501	硕士3年级	jyjiao@buaa.edu.cn	硕士研究生，研究方向是二维磁性材料	
42	陈明威	MingweiChen	男	199501	硕士3年级	efferz@live.com	硕士三年级生，研究方向是基于二维TMD材料的相变/阻变器件	
56	张壹铭	YimingZhang	男	199608	硕士3年级	dawa_zhangpj@buaa.edu.cn	本科毕业于北京航空航天大学，2018级硕士研究生。	
59	张甜	TianZhang	女	199612	硕士3年级	13810903682@163.com	我叫张甜，现为ALKEMIE材料物质工作室研三的学生，我研究的课题是Mo2B2负载单原子HER/OER和OER/ORR双功能电催化剂	
14	程影星	EathanChan	男	199401	已毕业学生	Yingxing.Cheng@ugent.be	本人研究生毕业于北京航空航天大学材料学院，导师祝令刚教授。硕士期间完成三项课题，目前在比利时根特大学攻读理论物理博士学位。Alkemi-Matter Studio初期负责人，主要负责ALKEMIE计算平台初期框架搭建以及无机晶体结构数据库建立。	
24	郭忠路	ZhongluGuo	男	198909	已毕业学生	zlguo@hebut.edu.cn	主要从事二维过渡金属碳化物MXene的结构设计与性能调控。2018.12至今：河北工业大学，材料学院，副教授；2015.12-2018.11：北京航空航天大学，材料学院，“卓越百人”博士后，导师：孙志梅教授；2015.07-2015.11：北京航空航天大学，国际交叉科学研究院，访问研究人员；2010.09-2015.07：厦门大学，材料物理与化学专业，博士（硕博连读），导师：孙志梅教授；	
25	萨百晟	BaishengSa	男	198605	已毕业学生	bssa@fzu.edu.cn	"基于材料基因工程的材料多尺度集成模拟与设计：范德华异质结，光催化材料，热电材料，电池电极材料，燃料电池催化与封装材料、新型电子与光电器件关键材料、拓扑绝缘体等新型先进功能材料；2017年6月至今福州大学材料科学与工程学院副教授2014年8月-2017年6月福州大学材料科学与工程学院讲师；2008年9月-2014年6月厦门大学材料科学与工程系 (硕博连读)?? 博士，导师：孙志梅教授"	
32	潘元春	YuanchunPan	男	198702	已毕业学生	panyuanchun@pwmat.com	"2009年09月–2015年06月 厦门大学材料科学与工程系(硕博连读)，导师:孙志梅教授；现就职于北京龙讯旷腾科技有限公司"	
39	廖加敏	JiaminLiao	男	198906	已毕业学生	jiaminliao@139.com	我叫廖加敏，是孙老师2012级硕士生。有幸加入孙老师课题组，提升自己对学术研究的认知。在此团队，做学术，交朋友，讨论学术，交流生活哲学，收获颇丰。希望课题组蒸蒸日上	
46	张英干	YingganZhang	男	198808	已毕业学生	ygzhang@xmu.edu.cn	工作经历：2018年8月-至今：? 厦门大学材料学院工程师; 2016年7月-2018年7月：? 厦门大学材料学院助理工程师; 2014年7月-2016年7月：? 厦门天马微电子有限公司工程师; 教育经历：2011年9月-2014年7月：厦门大学材料学院材料学专业硕士; 2007年9月-2011年7月：? 福州大学材料学院材料科学与工程专业本科	
47	张临川	LinchuanZhang	男	198911	已毕业学生	linchuan.zhang@gmail.com	2008年由山东省考入厦门大学材料科学与工程系，2012年获工学学士学位; 2012年-2018年硕博连读，并于2018年获得厦门大学材料物理与化学专业工学博士学位; 现于深圳某投资机构担任新能源、新材料和高端装备行业研究员。	
48	苏忠亮	ZhongliangSu	男	198910	已毕业学生	1004664023@qq.com	毕业于厦门大学材料学院，硕士研究生；目前就职于厦门市产品质量监督检验院。	
49	丁宗财	dingzongcai	男	19900522	已毕业学生	514967390@qq.com	现从事TFT LCD行业	
50	林道斌	DaobinLin	男	198901	已毕业学生	996807217@qq.com	2015年毕业，现任职于厦门天马微电子有限公司，负责电性测试。	
54	肖鉴开	JiankaiXiao	男	199704	已毕业学生	jkxiao@stanford.edu	北京航空航天大学材料科学与工程学院2019届本科生，研究方向为Sc和Y共掺杂对Sb2Te3相变存储器的协同优化效应，现就读于Stanford University。	
55	冯幸	XingFen	男					
56	陈宏谋	HongmouChen				chenhm@buaa.edu.cn		
57	胡云晓	YunxiaoHu				sy2101124@buaa.edu.cn		
58	李润泽	RunzeLi				zy2101124@buaa.edu.cn		
59	刘盛咸	ShengxianLiu				zy2101131@buaa.edu.cn		
60	唐　侃	KanTang				386746552@qq.com		
61	王奕文	YiwenWang				yiwen@buaa.edu.cn		
62	王宇翔	XiangyuWang				sy2101214@buaa.edu.cn		
63	徐晓宇	XiaoningXu				xusy2101223@buaa.edu.cn		
64	杨　宁	NingYang				zy2101223@buaa.edu.cn		
65	张　笛	DiZhang				zy2101230@buaa.edu.cn		
66	张浩千	HaoqianZhang				zhqian@buaa.edu.cn		
67	牧国会	GuohuiMu						
68	马尚	ShangMa						
69	张轩语	XuanyuZhang						
70	石松鑫	SongxinShi						
71	何世雄	ShixiongHe						
72	王鹤飞	HefeiWang						
73	王婧一	JingyiWang						
74	金敏	MinJin						
75	刘武松	WusongLiu						
76	龚威	WeiGong						
77	方淑娟	ShujuanFang						
78	方治乾	ZhiqianFang						
79	李志	ZhiLi						
80	高少华	ShaohuaGao						
81	王晓青	XiaoqingWang						
